<?xml version="1.0" encoding="UTF-8"?>
<beans profile="uat" xmlns="http://www.springframework.org/schema/beans"
	xmlns:xsi="http://www.w3.org/2001/XMLSchema-instance"
	xsi:schemaLocation="http://www.springframework.org/schema/beans http://www.springframework.org/schema/beans/spring-beans-4.3.xsd">

    
    <bean id="tomcatcpds" class="org.apache.tomcat.dbcp.dbcp2.BasicDataSource">  
        <property name="driverClassName" value="oracle.jdbc.driver.OracleDriver"/>
        <property name="url" value="jdbc:oracle:thin:@localhost:1521:xe"/>
        <property name="username" value="hr"/>
        <property name="password" value="hr"/>           
    </bean>
    
    <bean id="template2" class="org.springframework.jdbc.core.JdbcTemplate">
        <property name="dataSource" value="#{tomcatcpds}"></property>
    </bean>
    
    
    <bean id="dao" class="com.nt.dao.DepartmentDAOImpl">
       <constructor-arg value="#{template2}"/>
    </bean>
    

</beans>
